{"-is- \u548c -==- \u7684\u6545\u4e8b .md": 1566352966.0454087, "\u4ec0\u4e48\u662f __future__ \u6a21\u5757 \uff1f.md": 1566352966.0454087, "python\u5185\u7f6e\u5e38\u91cf(built-in constants)-NotImplemented.md": 1566352966.0334084, "\u5728Ubuntu14.04\u4e0a\u4f7f\u7528Gunicorn\u548cNginx\u90e8\u7f72Flask\u5e94\u7528.md": 1566352966.0054073, "Flask\u7684\u6e90\u7801\u7cfb\u5217\u2014\u2014\u524d\u8eab.md": 1566352965.9574053, "Replace Words.md": 1566352965.969406, "windows\u4e0b Go\u7684\u5b89\u88c5\u7684\u6ce8\u610f\u4e8b\u9879.md": 1566352966.0134077, "Largest Number.md": 1566352965.9894066, "Runtime.getRuntime().exec -- Cannot run program CreateProcess error=2, The system cannot find the file specified.md": 1566352965.9934068, "\u5bfc\u51fa VuePress \u6784\u5efa\u7684\u7f51\u7ad9\u4e3a PDF.md": 1566352966.0654097, "__str__ \u548c __repr__ \u7684\u90a3\u4e9b\u4e8b.md": 1566352965.9414048, "Count Primes.md": 1566352965.9534054, "\u6700\u957f\u8fde\u7eed\u5e8f\u5217.md": 1566352966.0614095, "Jinjia2 \u81ea\u5b9a\u4e49 filter.md": 1566352966.0334084, "\u88c5\u9970\u6a21\u5f0f.md": 1566352966.0174077, "Rust\u7b14\u8bb0-\u6570\u636e\u7c7b\u578b\uff08\u4e00\uff09-- \u6807\u91cf.md": 1566352966.049409, "Longest Substring Without Repeating Characters.md": 1566352965.9374046, "__name__ \u662f\u4ec0\u4e48\uff1f.md": 1566352966.07341, "Mybatis \u6279\u91cf\u63d2\u5165\u8fd4\u56de\u63d2\u5165id\u503c.md": 1566352966.0654097, "\u7f16\u5199\u53ef\u7ef4\u62a4\u7684JavaScript-\u7b2c\u4e00\u7ae0(\u57fa\u672c\u7684\u683c\u5f0f\u5316)\u7b14\u8bb0.md": 1566352965.9574053, "\u518d\u8c08 Python \u7684\u5199\u6587\u4ef6\u64cd\u4f5c.md": 1566352966.049409, "\u7528 python \u6293\u53d6\u77e5\u4e4e\u6307\u5b9a\u56de\u7b54\u4e0b\u7684\u89c6\u9891.md": 1566352965.9854064, "Parsing error x-invalid-end-tag.md": 1566352965.9294043, "Rust\u7b14\u8bb0-\u53d8\u91cf.md": 1566352966.0454087, "\u89e3\u51b3 openpyxl \u5782\u76f4\u5206\u9875\u7b26\u548c\u6c34\u5e73\u5206\u9875\u7b26\u540c\u65f6\u6dfb\u52a0\u7684\u95ee\u9898.md": 1566352966.0374086, "python\u64cd\u4f5cmysql.md": 1566352965.9534054, "Keyboard Row.md": 1566352965.9894066, "list1 += list2 \u548c list1= list1 + list2 \u7684\u6545\u4e8b.md": 1566352966.0334084, "Seleuim \u65b0\u5efa table \u9875.md": 1566352966.0694098, "How To Serve Flask Applications with uWSGI and Nginx on Ubuntu 14.04.md": 1566352966.0214078, "\u4e3a\u4ec0\u4e48\u4f7f\u7528virtualenv.md": 1566352965.945405, "\u65e0\u91cd\u590d\u5b57\u7b26\u7684\u6700\u957f\u5b50\u4e32.md": 1566352966.0574093, "Longest Harmonious Subsequence.md": 1566352965.9334044, "\u56fd\u5185\u542f\u52a8 Docker \u81ea\u5e26\u7684 Kubernetes \u65b9\u6cd5.md": 1566352966.049409, "H-Index.md": 1566352966.0054073, "ModuleNotFoundError No module named 'PyQt5.sip'.md": 1566352965.9774063, "CentOS7\u5b89\u88c5python-pip.md": 1566352966.0294082, "Longest Palindrome.md": 1566352965.9654057, "\u7ed9\u4f60\u7684Flask\u5e94\u7528\u52a0\u4e0aHTTPS\u7684\u7279\u6548.md": 1566352966.0054073, "Contains Duplicate II.md": 1566352965.9614055, "MVP for Android.md": 1566352965.945405, "\u5b57\u7b26\u4e32\u6c60\u5316 python.md": 1566352966.0374086, "\u5b57\u7b26\u4e32\u7684\u6392\u5217.md": 1566352966.0574093, "Rust\u7b14\u8bb0-\u6807\u8bc6\u7b26(Identifiers).md": 1566352966.0454087, "Ubuntu\u4e0bFTP\u914d\u7f6e\u5355\u7528\u6237\u591a\u76ee\u5f55.md": 1566352965.997407, "Python \u4e2d \u53ef\u53d8\u5bf9\u8c61\u548c\u4e0d\u53ef\u53d8\u5bf9\u8c61.md": 1566352966.0694098, "android-ActionBarCompat-ShareActionProvider.md": 1566352965.973406, "\u7b80\u5355\u5de5\u5382\u6a21\u5f0f.md": 1566352965.9934068, "HP EliteDesk 800 G3  SFF \u53f0\u5f0f\u673a \u4f7f\u7528  BiosConfigUtility \u914d\u7f6e Bios.md": 1566352966.0094075, "\u63a5\u96e8\u6c34.md": 1566352966.0614095, "Flask-Login\u7528\u6237\u4f1a\u8bdd\u7ba1\u7406.md": 1566352966.0014071, "wtforms \u4f7f\u7528\u7684\u4e00\u4e9b\u95ee\u9898\u603b\u7ed3.md": 1566352965.9414048, "Coursera\u5982\u4f55\u4e0a\u514d\u8d39\u8bfe\u7a0b.md": 1566352965.973406, "max\u4e0emin.md": 1566352966.053409, "venv, pyvenv, pyenv, virtualenv, virtualenvwrapper, pipenv \u4e4b\u95f4\u7684\u533a\u522b.md": 1566352966.025408, "Set Mismatch.md": 1566352965.9374046, "Sort Colors.md": 1566352965.917404, "any()\u548call()\u5bf9\u6bd4.md": 1566352965.9614055, "MySQL\u7684\u67e5\u8be2\u7f13\u5b58.md": 1566352966.0134077, "Find All Anagrams in a String.md": 1566352965.9654057, "\u5355\u4f8b\u6a21\u5f0f.md": 1566352965.9574053, "\u504f\u51fd\u6570-functools\u4e4bpartial.md": 1566352965.9494052, "Intersection of Two Arrays II.md": 1566352965.973406, "Island Perimeter.md": 1566352965.9534054, "Openlayers\u4eff\u94fe\u5bb6\u7f51\u52a0\u8f7d\u6548\u679c.md": 1566352965.9774063, "Longest Word in Dictionary through Deleting.md": 1566352965.973406, "Merge Intervals.md": 1566352966.0094075, "Migrating from Flask-Script to the New Flask CLI.md": 1566352966.025408, "PHP\u7f16\u7801\u89c4\u8303(\u4e00)\u57fa\u672c\u4ee3\u7801\u89c4\u8303.md": 1566352965.997407, "Dict \u952e\u503c\u548c Number \u7684\u6545\u4e8b.md": 1566352966.0414088, "axios\u4e2d\u4f7f\u7528application-x-www-form-urlencoded.md": 1566352966.0174077, "\u8ba1\u7b971-866278171\u4e2d\u5947\u6570\u5217\u4e2d3\u51fa\u73b0\u7684\u4e2a\u6570.md": 1566352966.0654097, "electron-searchMovies.md": 1566352965.969406, "\u5173\u4e8e\u5728Flask\u9875\u9762\u4e2d\u7684\u5b9a\u65f6\u8c03\u7528.md": 1566352965.969406, "\u57fa\u4e8e Ajax \u8bf7\u6c42\u7684 Flask-Login \u8ba4\u8bc1.md": 1566352966.0414088, "\u5408\u5e76\u533a\u95f4.md": 1566352966.0614095, "Whoops, looks like something went wrong.md": 1566352965.9574053, "Ubuntu \u627e\u56de Mysql \u7684 root \u5bc6\u7801.md": 1566352965.9814065, "Insertion Sort List.md": 1566352965.945405, "Trait(\u6027\u72b6).md": 1566352966.0134077, "f-strings.md": 1566352966.0654097, "ES6 arrow function and function declaration expressions.md": 1566352965.9774063, "\u670b\u53cb\u5708.md": 1566352966.0614095, "\u4e24\u6570\u76f8\u52a0.md": 1566352966.0574093, "\u666e\u901a\u7c7b\u65b9\u6cd5\u548cclassmethod\u548cstaticmethod\u533a\u522b.md": 1566352965.9494052, "\u7f16\u5199\u53ef\u7ef4\u62a4\u7684JavaScript-\u7b2c\u4e8c\u7ae0(\u6ce8\u91ca)\u7b14\u8bb0.md": 1566352965.945405, "Openlayers3\u6839\u636eZoom\u5207\u6362\u56fe\u5c42.md": 1566352966.0054073, "PHP\u6bd4\u8f83\u8fd0\u7b97\u7b26.md": 1566352966.0094075, "context_processor \u4e0a\u4e0b\u6587\u5904\u7406\u5668.md": 1566352965.9894066, "Spring Boot \u4e2d module \u5355\u5143\u6d4b\u8bd5 Autowired \u5931\u6548\u95ee\u9898.md": 1566352966.053409, "Flask \u4e2d\u7684 session \u7684\u6545\u4e8b.md": 1566352966.0574093, "\u751f\u6210\u5668(generator).md": 1566352965.997407, "Wiggle Sort II.md": 1566352965.9894066, "Find the Difference.md": 1566352966.0214078, "How To Structure Large Flask Applications.md": 1566352965.997407, "Three Sum.md": 1566352966.0294082, "Set Matrix Zeroes.md": 1566352965.9414048, "Openlayers3\u4eff\u94fe\u5bb6\u7f51\u6548\u679c(\u4e8c).md": 1566352966.025408, "nginx root \u548c alias \u914d\u7f6e\u533a\u522b.md": 1566352966.049409, "\u8ba9Flask-admin\u652f\u6301markdown\u7f16\u8f91\u5668.md": 1566352965.9854064, "selenium\u7684\u5b89\u88c5\u4e0e\u4f7f\u7528.md": 1566352965.9814065, "Python\u8bfb\u5199\u6587\u4ef6\u4e4b\u8bfb\u6587\u4ef6.md": 1566352966.0174077, "Number of Boomerangs.md": 1566352965.9614055, "special method  __call__ python.md": 1566352966.0174077, "Python\u8bfb\u5199\u6587\u4ef6\u4e4b\u5199\u6587\u4ef6.md": 1566352965.9374046, "Flask\u7684g\u5bf9\u8c61\u548c\u94a9\u5b50\u51fd\u6570.md": 1566352966.0294082, "MySQL\u7684\u5de6\u8fde\u63a5,\u53f3\u8fde\u63a5\u548c\u5185\u8fde\u63a5.md": 1566352965.9654057, "php artisan migrate \u51fa\u9519.md": 1566352966.0134077, "Flask Web \u5f00\u53d1 -- \u5f00\u53d1\u535a\u5ba2\u5e94\u7528 -- \u7b2c\u4e00\u90e8\u5206 \u5b89\u88c5.md": 1566352966.0374086,