{"Sort Colors.md": 1544753279.1877189, "Anaconda Navigator\u542f\u52a8\u5931\u8d25.md": 1544753273.4235344, "Parsing error x-invalid-end-tag.md": 1544753277.5836675, "Windows\u4e0bPHP\u5b89\u88c5PEAR.md": 1544753280.3877573, "Install_Oracle_11g_Express (XE)_on_CentOS7.md": 1544753275.9996169, "Longest Harmonious Subsequence.md": 1544753276.6076362, "Longest Substring Without Repeating Characters.md": 1544753276.7116396, "Easyui\u5e38\u7528\u63a7\u4ef6\u4f7f\u7528\u65b9\u6cd5.md": 1544753274.3595643, "Python\u8bfb\u5199\u6587\u4ef6\u4e4b\u5199\u6587\u4ef6.md": 1544753278.1996872, "Set Mismatch.md": 1544753278.631701, "the problem caused by reference in foreach.md": 1544753279.4197264, "python __str__ and __repr__.md": 1544753277.911678, "Set Matrix Zeroes.md": 1544753278.5836995, "wtforms\u4f7f\u7528\u7684\u4e00\u4e9b\u95ee\u9898\u603b\u7ed3.md": 1544753280.563763, "\u7f16\u5199\u53ef\u7ef4\u62a4\u7684JavaScript-\u7b2c\u4e8c\u7ae0\u7b14\u8bb0.md": 1544753281.1757824, "why-I-use-virtualenv.md": 1544753280.1117485, "MVP-For-Android.md": 1544753277.0756512, "Insertion Sort List.md": 1544753275.8996136, "Intersection of Two Arrays.md": 1544753276.2156239, "\u504f\u51fd\u6570-functools\u4e4bpartial.md": 1544753280.6877668, "\u666e\u901a\u7c7b\u65b9\u6cd5\u548cclassmethod\u548cstaticmethod\u533a\u522b.md": 1544753280.8557723, "Island Perimeter.md": 1544753276.2436247, "python\u64cd\u4f5cmysql.md": 1544753278.1436853, "Count Primes.md": 1544753273.967552, "X-Frame-Options.md": 1544753280.6397653, "\u7f16\u5199\u53ef\u7ef4\u62a4\u7684JavaScript-\u7b2c\u4e00\u7ae0\u7b14\u8bb0.md": 1544753281.0917797, "Singleton.md": 1544753278.8677087, "Whoops, looks like something went wrong.md": 1544753280.0237455, "Flask\u7684\u6e90\u7801\u7cfb\u5217\u2014\u2014\u524d\u8eab.md": 1544753275.4235985, "Contains Duplicate II.md": 1544753273.8355477, "any()\u548call()\u5bf9\u6bd4.md": 1544753273.5595388, "The only supported ciphers are AES-128-CBC and AES-256-CBC with the correct key lengths.md": 1544753279.3437238, "Number of Boomerangs.md": 1544753277.2396564, "define\u548cconst\u7684\u533a\u522b-PHP\u5e38\u91cf.md": 1544753274.1835587, "Find All Anagrams in a String.md": 1544753275.1235888, "MySQL\u7684\u5de6\u8fde\u63a5,\u53f3\u8fde\u63a5\u548c\u5185\u8fde\u63a5.md": 1544753277.1476536, "Longest Palindrome.md": 1544753276.6716383, "electron-searchMovies.md": 1544753274.975584, "CentOS7\u5b89\u88c5Mysql.md": 1544753273.7075436, "Replace Words.md": 1544753278.3316915, "\u5173\u4e8e\u5728Flask\u9875\u9762\u4e2d\u7684\u5b9a\u65f6\u8c03\u7528.md": 1544753280.7597692, "android-ActionBarCompat-ShareActionProvider.md": 1544753273.5195374, "Longest Word in Dictionary through Deleting.md": 1544753276.811643, "Coursera\u5982\u4f55\u4e0a\u514d\u8d39\u8bfe\u7a0b.md": 1544753274.0875556, "Intersection of Two Arrays II.md": 1544753276.1316211, "Openlayers\u4eff\u94fe\u5bb6\u7f51\u52a0\u8f7d\u6548\u679c.md": 1544753277.503665, "ModuleNotFoundError No module named PyQt5.sip.md": 1544753277.0396502, "HTTP \u72b6\u6001\u7801 302,303,307.md": 1544753275.77961, "ES6 arrow function and function declaration expressions.md": 1544753274.9835844, "Increasing Triplet Subsequence.md": 1544753276.09562, "Ubuntu \u627e\u56de Mysql \u7684 root \u5bc6\u7801.md": 1544753279.7317362, "selenium\u7684\u5b89\u88c5\u4e0e\u4f7f\u7528.md": 1544753278.503697, "Visio\u7684UML\u7b26\u53f7\u8bf4\u660e.md": 1544753279.943743, "\u7528python\u6293\u53d6\u77e5\u4e4e\u67d0\u4e2a\u56de\u7b54\u7684\u89c6\u9891.md": 1544753280.9677758, "Windows\u4e0bDocker\u51fa\u73b0TLS handshake timeout.md": 1544753280.3237553, "\u8ba9Flask-admin\u652f\u6301markdown\u7f16\u8f91\u5668.md": 1544753281.2037833, "Wiggle Sort II.md": 1544753280.1757505, "Keyboard Row.md": 1544753276.4836323, "Largest Number.md": 1544753276.5476344, "context_processor \u4e0a\u4e0b\u6587\u5904\u7406\u5668.md": 1544753273.8835492, "Windows\u4e0b\u5b89\u88c5PHPunit.md": 1544753280.4637597, "Counting Sort.md": 1544753274.0235536, "Simple-Factory.md": 1544753278.6797025, "runtime-getruntime-exec-cannot-run-program-createprocess-error-2-the-syste.md": 1544753278.4316947, "PSR1.md": 1544753278.0156813, "\u751f\u6210\u5668.md": 1544753280.911774, "How To Structure Large Flask Applications.md": 1544753275.6356053, "Ubuntu\u4e0bFTP\u914d\u7f6e\u5355\u7528\u6237\u591a\u76ee\u5f55.md": 1544753279.8557403, "Isomorphic Strings.md": 1544753276.3396277, "Flask-Login\u7528\u6237\u4f1a\u8bdd\u7ba1\u7406.md": 1544753275.319595, "easyui\u7684datebox\u59cb\u7ec8\u663e\u793a\u5f53\u5929\u65f6\u95f4\u95ee\u9898.md": 1544753274.5235696, "\u5728Ubuntu14.04\u4e0a\u4f7f\u7528Gunicorn\u548cNginx\u90e8\u7f72Flask\u5e94\u7528.md": 1544753280.8077707, "\u7ed9\u4f60\u7684Flask\u5e94\u7528\u52a0\u4e0aHTTPS\u7684\u7279\u6548.md": 1544753281.071779, "Openlayers3\u6839\u636eZoom\u5207\u6362\u56fe\u5c42.md": 1544753277.4196622, "H-Index.md": 1544753275.4716, "Merge Intervals.md": 1544753276.843644, "Minimum Index Sum of Two Lists.md": 1544753276.9596477, "PHP\u6bd4\u8f83\u8fd0\u7b97\u7b26.md": 1544753277.7396724, "HP EliteDesk 800 G3  SFF \u53f0\u5f0f\u673a \u4f7f\u7528  BiosConfigUtility \u914d\u7f6e Bios.md": 1544753275.7196078, "MySQL\u7684\u67e5\u8be2\u7f13\u5b58.md": 1544753277.1676543, "Trait(\u6027\u72b6).md": 1544753279.5757313, "php artisan migrate \u51fa\u9519.md": 1544753277.6356692, "windows\u4e0b Go\u7684\u5b89\u88c5\u7684\u6ce8\u610f\u4e8b\u9879.md": 1544753280.2477527, "axios\u7684\u4f7f\u7528.md": 1544753273.663542, "special method  __call__ python.md": 1544753279.259721, "Decorator Pattern.md": 1544753274.1235569, "Python\u8bfb\u5199\u6587\u4ef6\u4e4b\u8bfb\u6587\u4ef6.md": 1544753278.29169, "Find the Difference.md": 1544753275.2355924, "Distribute Candies.md": 1544753274.251561, "How To Serve Flask Applications with uWSGI and Nginx on Ubuntu 14.04.md": 1544753275.563603, "Oracle_Database_12c_Installation_on__CentOS7.md": 1544753277.5316658, "venv, pyvenv, pyenv, virtualenv, virtualenvwrapper, pipenv \u4e4b\u95f4\u7684\u533a\u522b.md": 1544753279.8837411, "Single Number.md": 1544753279.0117133, "Migrating from Flask-Script to the New Flask CLI.md": 1544753276.9316466, "Openlayers3\u4eff\u94fe\u5bb6\u7f51\u6548\u679c(\u4e8c).md": 1544753277.2916582, "Flask\u7684g\u5bf9\u8c61\u548c\u94a9\u5b50\u51fd\u6570.md": 1544753275.3595965, "Three Sum.md": 1544753279.7517369, "CentOS\u5b89\u88c5python-pip.md": 1544753273.7675455, "Openlayers3\u5173\u4e8eMouseWheelZoom\u7684\u7981\u7528.md": 1544753277.3996615, "python\u5185\u7f6e\u5e38\u91cf(built-in constants)-NotImplemented.md": 1544753278.0716832, "Jinjia2 \u81ea\u5b9a\u4e49 filter.md": 1544753276.3956296}